,SM0,SM1,SM2,SM3,SM4,SM5,SM6,SM7,SM8,SM9,SM10,SM11,SM12,SM13,SM14,SM15,SM16,SM17,SM18,SM19,SM20,SM21,SM22,SM23,SM24,SM25,SM26,SM27,SM28,SM29,SM30,SM31,SM32,SM33,SM34,SM35,SM36,SM37,SM38,SM39,SM40,SM41,SM42,SM43,SM44,SM45,SM46,SM47,SM48,SM49,SM50,SM51,SM52,SM53,SM54,SM55,SM56,SM57,SM58,SM59,SM60,SM61,SM62,SM63,SM64,SM65,SM66,SM67,SM68,SM69,SM70,SM71,SM72,SM73,SM74,SM75,SM76,SM77,SM78,SM79,SM80,SM81,SM82,SM83,SM84,SM85,SM86,SM87,SM88,SM89,SM90,SM91,SM92,SM93,SM94,SM95,SM96,SM97,SM98,SM99,SM100,SM101,SM102,SM103,SM104,SM105,SM106,SM107,SM108,SM109,SM110,SM111,SM112,SM113,SM114,SM115,SM116,SM117,SM118,SM119,SM120,SM121,SM122,SM123,SM124,SM125,SM126,SM127,SM128,SM129,SM130,SM131
SM0,22414,22394,0,0,0,0,0,0,0,0,0,0,0,0,0,0,21946,21850,0,0,0,0,0,0,0,0,0,0,0,0,0,0,29,49,0,0,0,0,0,0,0,0,0,0,0,0,0,0,672,302,0,0,0,0,0,0,0,0,0,0,0,0,0,0,0,0,0,0,0,0,0,0,0,0,0,0,0,0,0,0,0,0,0,0,0,0,0,0,0,0,0,0,0,0,0,0,0,0,0,0,0,0,0,0,0,0,0,0,0,0,0,0,0,0,0,0,0,0,0,0,0,0,0,0,0,0,0,0,0,0,0,0
SM1,22394,22413,0,0,0,0,0,0,0,0,0,0,0,0,0,0,21937,21858,0,0,0,0,0,0,0,0,0,0,0,0,0,0,36,49,0,0,0,0,0,0,0,0,0,0,0,0,0,0,671,294,0,0,0,0,0,0,0,0,0,0,0,0,0,0,0,0,0,0,0,0,0,0,0,0,0,0,0,0,0,0,0,0,0,0,0,0,0,0,0,0,0,0,0,0,0,0,0,0,0,0,0,0,0,0,0,0,0,0,0,0,0,0,0,0,0,0,0,0,0,0,0,0,0,0,0,0,0,0,0,0,0,0
SM2,0,0,22772,19418,0,0,0,0,0,0,0,0,0,0,0,0,0,0,19757,19773,0,0,0,0,0,0,0,0,0,0,0,0,0,0,2910,1492,0,0,0,0,0,0,0,0,0,0,0,0,0,0,1563,866,0,0,0,0,0,0,0,0,0,0,0,0,439,309,0,0,0,0,0,0,0,0,0,0,0,0,389,461,0,0,0,0,0,0,0,0,0,0,0,0,181,125,0,0,0,0,0,0,0,0,0,0,0,0,201,432,0,0,0,0,0,0,0,0,0,0,0,0,0,0,0,0,0,0,0,0,0,0,0,0
SM3,0,0,19418,22782,0,0,0,0,0,0,0,0,0,0,0,0,0,0,19603,19716,0,0,0,0,0,0,0,0,0,0,0,0,0,0,3031,1683,0,0,0,0,0,0,0,0,0,0,0,0,0,0,1687,960,0,0,0,0,0,0,0,0,0,0,0,0,386,324,0,0,0,0,0,0,0,0,0,0,0,0,326,300,0,0,0,0,0,0,0,0,0,0,0,0,219,158,0,0,0,0,0,0,0,0,0,0,0,0,146,389,0,0,0,0,0,0,0,0,0,0,0,0,0,0,0,0,0,0,0,0,0,0,0,0
SM4,0,0,0,0,22040,19617,0,0,0,0,0,0,0,0,0,0,0,0,0,0,20009,19935,0,0,0,0,0,0,0,0,0,0,0,0,0,0,1892,1110,0,0,0,0,0,0,0,0,0,0,0,0,0,0,1272,639,0,0,0,0,0,0,0,0,0,0,0,0,240,195,0,0,0,0,0,0,0,0,0,0,0,0,136,173,0,0,0,0,0,0,0,0,0,0,0,0,282,192,0,0,0,0,0,0,0,0,0,0,0,0,169,259,0,0,0,0,0,0,0,0,0,0,0,0,0,0,0,0,0,0,0,0,0,0
SM5,0,0,0,0,19617,22028,0,0,0,0,0,0,0,0,0,0,0,0,0,0,19946,19911,0,0,0,0,0,0,0,0,0,0,0,0,0,0,1851,1102,0,0,0,0,0,0,0,0,0,0,0,0,0,0,1306,635,0,0,0,0,0,0,0,0,0,0,0,0,229,154,0,0,0,0,0,0,0,0,0,0,0,0,150,205,0,0,0,0,0,0,0,0,0,0,0,0,328,221,0,0,0,0,0,0,0,0,0,0,0,0,160,269,0,0,0,0,0,0,0,0,0,0,0,0,0,0,0,0,0,0,0,0,0,0
SM6,0,0,0,0,0,0,21889,18651,0,0,0,0,0,0,0,0,0,0,0,0,0,0,19291,19459,0,0,0,0,0,0,0,0,0,0,0,0,0,0,2512,1494,0,0,0,0,0,0,0,0,0,0,0,0,0,0,1349,838,0,0,0,0,0,0,0,0,0,0,0,0,371,290,0,0,0,0,0,0,0,0,0,0,0,0,272,337,0,0,0,0,0,0,0,0,0,0,0,0,228,132,0,0,0,0,0,0,0,0,0,0,0,0,123,320,0,0,0,0,0,0,0,0,0,0,0,0,0,0,0,0,0,0,0,0
SM7,0,0,0,0,0,0,18651,21890,0,0,0,0,0,0,0,0,0,0,0,0,0,0,19453,19286,0,0,0,0,0,0,0,0,0,0,0,0,0,0,2435,1461,0,0,0,0,0,0,0,0,0,0,0,0,0,0,1415,871,0,0,0,0,0,0,0,0,0,0,0,0,426,284,0,0,0,0,0,0,0,0,0,0,0,0,243,356,0,0,0,0,0,0,0,0,0,0,0,0,195,110,0,0,0,0,0,0,0,0,0,0,0,0,139,345,0,0,0,0,0,0,0,0,0,0,0,0,0,0,0,0,0,0,0,0
SM8,0,0,0,0,0,0,0,0,21822,17580,0,0,0,0,0,0,0,0,0,0,0,0,0,0,18509,18422,0,0,0,0,0,0,0,0,0,0,0,0,0,0,2545,948,0,0,0,0,0,0,0,0,0,0,0,0,0,0,2206,1515,0,0,0,0,0,0,0,0,0,0,0,0,1555,857,0,0,0,0,0,0,0,0,0,0,0,0,579,317,0,0,0,0,0,0,0,0,0,0,0,0,174,91,0,0,0,0,0,0,0,0,0,0,0,0,38,130,0,0,0,0,0,0,0,0,0,0,0,0,0,0,0,0,0,0
SM9,0,0,0,0,0,0,0,0,17580,21822,0,0,0,0,0,0,0,0,0,0,0,0,0,0,18676,18741,0,0,0,0,0,0,0,0,0,0,0,0,0,0,2783,915,0,0,0,0,0,0,0,0,0,0,0,0,0,0,2028,1372,0,0,0,0,0,0,0,0,0,0,0,0,1333,812,0,0,0,0,0,0,0,0,0,0,0,0,446,329,0,0,0,0,0,0,0,0,0,0,0,0,172,82,0,0,0,0,0,0,0,0,0,0,0,0,36,161,0,0,0,0,0,0,0,0,0,0,0,0,0,0,0,0,0,0
SM10,0,0,0,0,0,0,0,0,0,0,21490,17089,0,0,0,0,0,0,0,0,0,0,0,0,0,0,18370,18512,0,0,0,0,0,0,0,0,0,0,0,0,0,0,2584,1042,0,0,0,0,0,0,0,0,0,0,0,0,0,0,1952,1322,0,0,0,0,0,0,0,0,0,0,0,0,1360,842,0,0,0,0,0,0,0,0,0,0,0,0,514,339,0,0,0,0,0,0,0,0,0,0,0,0,240,110,0,0,0,0,0,0,0,0,0,0,0,0,22,172,0,0,0,0,0,0,0,0,0,0,0,0,0,0,0,0
SM11,0,0,0,0,0,0,0,0,0,0,17089,21488,0,0,0,0,0,0,0,0,0,0,0,0,0,0,18370,18326,0,0,0,0,0,0,0,0,0,0,0,0,0,0,2495,994,0,0,0,0,0,0,0,0,0,0,0,0,0,0,1964,1408,0,0,0,0,0,0,0,0,0,0,0,0,1371,959,0,0,0,0,0,0,0,0,0,0,0,0,572,372,0,0,0,0,0,0,0,0,0,0,0,0,282,108,0,0,0,0,0,0,0,0,0,0,0,0,30,124,0,0,0,0,0,0,0,0,0,0,0,0,0,0,0,0
SM12,0,0,0,0,0,0,0,0,0,0,0,0,21560,18337,0,0,0,0,0,0,0,0,0,0,0,0,0,0,19425,19256,0,0,0,0,0,0,0,0,0,0,0,0,0,0,1353,669,0,0,0,0,0,0,0,0,0,0,0,0,0,0,680,493,0,0,0,0,0,0,0,0,0,0,0,0,886,633,0,0,0,0,0,0,0,0,0,0,0,0,459,536,0,0,0,0,0,0,0,0,0,0,0,0,514,324,0,0,0,0,0,0,0,0,0,0,0,0,196,270,0,0,417,232,0,0,0,0,0,0,0,0,0,0
SM13,0,0,0,0,0,0,0,0,0,0,0,0,18337,21554,0,0,0,0,0,0,0,0,0,0,0,0,0,0,19406,19568,0,0,0,0,0,0,0,0,0,0,0,0,0,0,1567,711,0,0,0,0,0,0,0,0,0,0,0,0,0,0,610,466,0,0,0,0,0,0,0,0,0,0,0,0,815,528,0,0,0,0,0,0,0,0,0,0,0,0,396,451,0,0,0,0,0,0,0,0,0,0,0,0,461,264,0,0,0,0,0,0,0,0,0,0,0,0,208,266,0,0,408,200,0,0,0,0,0,0,0,0,0,0
SM14,0,0,0,0,0,0,0,0,0,0,0,0,0,0,22202,18454,0,0,0,0,0,0,0,0,0,0,0,0,0,0,19233,19123,0,0,0,0,0,0,0,0,0,0,0,0,0,0,1965,1114,0,0,0,0,0,0,0,0,0,0,0,0,0,0,1548,961,0,0,0,0,0,0,0,0,0,0,0,0,421,241,0,0,0,0,0,0,0,0,0,0,0,0,228,495,0,0,0,0,0,0,0,0,0,0,0,0,870,497,0,0,0,0,0,0,0,0,0,0,0,0,386,262,0,0,578,230,0,0,0,0,0,0,0,0
SM15,0,0,0,0,0,0,0,0,0,0,0,0,0,0,18454,22193,0,0,0,0,0,0,0,0,0,0,0,0,0,0,19128,19243,0,0,0,0,0,0,0,0,0,0,0,0,0,0,1978,1183,0,0,0,0,0,0,0,0,0,0,0,0,0,0,1470,992,0,0,0,0,0,0,0,0,0,0,0,0,392,266,0,0,0,0,0,0,0,0,0,0,0,0,281,486,0,0,0,0,0,0,0,0,0,0,0,0,897,485,0,0,0,0,0,0,0,0,0,0,0,0,343,232,0,0,542,207,0,0,0,0,0,0,0,0
SM16,21946,21937,0,0,0,0,0,0,0,0,0,0,0,0,0,0,22376,21384,0,0,0,0,0,0,0,0,0,0,0,0,0,0,432,449,0,0,0,0,0,0,0,0,0,0,0,0,0,0,607,373,0,0,0,0,0,0,0,0,0,0,0,0,0,0,0,0,0,0,0,0,0,0,0,0,0,0,0,0,0,0,0,0,0,0,0,0,0,0,0,0,0,0,0,0,0,0,0,0,0,0,0,0,0,0,0,0,0,0,0,0,0,0,0,0,0,0,0,0,0,0,0,0,0,0,0,0,0,0,0,0,0,0
SM17,21850,21858,0,0,0,0,0,0,0,0,0,0,0,0,0,0,21384,22376,0,0,0,0,0,0,0,0,0,0,0,0,0,0,525,507,0,0,0,0,0,0,0,0,0,0,0,0,0,0,397,607,0,0,0,0,0,0,0,0,0,0,0,0,0,0,0,0,0,0,0,0,0,0,0,0,0,0,0,0,0,0,0,0,0,0,0,0,0,0,0,0,0,0,0,0,0,0,0,0,0,0,0,0,0,0,0,0,0,0,0,0,0,0,0,0,0,0,0,0,0,0,0,0,0,0,0,0,0,0,0,0,0,0
SM18,0,0,19757,19603,0,0,0,0,0,0,0,0,0,0,0,0,0,0,22462,18527,0,0,0,0,0,0,0,0,0,0,0,0,0,0,2175,1582,0,0,0,0,0,0,0,0,0,0,0,0,0,0,645,616,0,0,0,0,0,0,0,0,0,0,0,0,596,804,0,0,0,0,0,0,0,0,0,0,0,0,821,825,0,0,0,0,0,0,0,0,0,0,0,0,83,191,0,0,0,0,0,0,0,0,0,0,0,0,423,738,0,0,0,0,0,0,0,0,0,0,0,0,0,0,0,0,0,0,0,0,0,0,0,0
SM19,0,0,19773,19716,0,0,0,0,0,0,0,0,0,0,0,0,0,0,18527,22479,0,0,0,0,0,0,0,0,0,0,0,0,0,0,2175,1640,0,0,0,0,0,0,0,0,0,0,0,0,0,0,744,562,0,0,0,0,0,0,0,0,0,0,0,0,566,756,0,0,0,0,0,0,0,0,0,0,0,0,766,803,0,0,0,0,0,0,0,0,0,0,0,0,69,179,0,0,0,0,0,0,0,0,0,0,0,0,427,734,0,0,0,0,0,0,0,0,0,0,0,0,0,0,0,0,0,0,0,0,0,0,0,0
SM20,0,0,0,0,20009,19946,0,0,0,0,0,0,0,0,0,0,0,0,0,0,21808,19261,0,0,0,0,0,0,0,0,0,0,0,0,0,0,1663,1070,0,0,0,0,0,0,0,0,0,0,0,0,0,0,624,463,0,0,0,0,0,0,0,0,0,0,0,0,270,278,0,0,0,0,0,0,0,0,0,0,0,0,235,275,0,0,0,0,0,0,0,0,0,0,0,0,106,272,0,0,0,0,0,0,0,0,0,0,0,0,406,546,0,0,0,0,0,0,0,0,0,0,0,0,0,0,0,0,0,0,0,0,0,0
SM21,0,0,0,0,19935,19911,0,0,0,0,0,0,0,0,0,0,0,0,0,0,19261,21819,0,0,0,0,0,0,0,0,0,0,0,0,0,0,1710,1162,0,0,0,0,0,0,0,0,0,0,0,0,0,0,571,495,0,0,0,0,0,0,0,0,0,0,0,0,314,339,0,0,0,0,0,0,0,0,0,0,0,0,235,268,0,0,0,0,0,0,0,0,0,0,0,0,111,278,0,0,0,0,0,0,0,0,0,0,0,0,357,510,0,0,0,0,0,0,0,0,0,0,0,0,0,0,0,0,0,0,0,0,0,0
SM22,0,0,0,0,0,0,19291,19453,0,0,0,0,0,0,0,0,0,0,0,0,0,0,21553,19030,0,0,0,0,0,0,0,0,0,0,0,0,0,0,1886,1218,0,0,0,0,0,0,0,0,0,0,0,0,0,0,397,207,0,0,0,0,0,0,0,0,0,0,0,0,252,490,0,0,0,0,0,0,0,0,0,0,0,0,526,622,0,0,0,0,0,0,0,0,0,0,0,0,76,197,0,0,0,0,0,0,0,0,0,0,0,0,361,653,0,0,0,0,0,0,0,0,0,0,0,0,0,0,0,0,0,0,0,0
SM23,0,0,0,0,0,0,19459,19286,0,0,0,0,0,0,0,0,0,0,0,0,0,0,19030,21543,0,0,0,0,0,0,0,0,0,0,0,0,0,0,1909,1241,0,0,0,0,0,0,0,0,0,0,0,0,0,0,357,192,0,0,0,0,0,0,0,0,0,0,0,0,284,416,0,0,0,0,0,0,0,0,0,0,0,0,480,626,0,0,0,0,0,0,0,0,0,0,0,0,86,211,0,0,0,0,0,0,0,0,0,0,0,0,377,675,0,0,0,0,0,0,0,0,0,0,0,0,0,0,0,0,0,0,0,0
SM24,0,0,0,0,0,0,0,0,18509,18676,0,0,0,0,0,0,0,0,0,0,0,0,0,0,21537,19077,0,0,0,0,0,0,0,0,0,0,0,0,0,0,3928,1370,0,0,0,0,0,0,0,0,0,0,0,0,0,0,794,473,0,0,0,0,0,0,0,0,0,0,0,0,220,192,0,0,0,0,0,0,0,0,0,0,0,0,246,280,0,0,0,0,0,0,0,0,0,0,0,0,61,67,0,0,0,0,0,0,0,0,0,0,0,0,212,506,0,0,0,0,0,0,0,0,0,0,0,0,0,0,0,0,0,0
SM25,0,0,0,0,0,0,0,0,18422,18741,0,0,0,0,0,0,0,0,0,0,0,0,0,0,19077,21538,0,0,0,0,0,0,0,0,0,0,0,0,0,0,3944,1548,0,0,0,0,0,0,0,0,0,0,0,0,0,0,721,400,0,0,0,0,0,0,0,0,0,0,0,0,235,205,0,0,0,0,0,0,0,0,0,0,0,0,231,300,0,0,0,0,0,0,0,0,0,0,0,0,46,51,0,0,0,0,0,0,0,0,0,0,0,0,196,497,0,0,0,0,0,0,0,0,0,0,0,0,0,0,0,0,0,0
SM26,0,0,0,0,0,0,0,0,0,0,18370,18370,0,0,0,0,0,0,0,0,0,0,0,0,0,0,21181,18561,0,0,0,0,0,0,0,0,0,0,0,0,0,0,3612,1465,0,0,0,0,0,0,0,0,0,0,0,0,0,0,843,528,0,0,0,0,0,0,0,0,0,0,0,0,317,223,0,0,0,0,0,0,0,0,0,0,0,0,234,261,0,0,0,0,0,0,0,0,0,0,0,0,59,50,0,0,0,0,0,0,0,0,0,0,0,0,196,454,0,0,0,0,0,0,0,0,0,0,0,0,0,0,0,0
SM27,0,0,0,0,0,0,0,0,0,0,18512,18326,0,0,0,0,0,0,0,0,0,0,0,0,0,0,18561,21183,0,0,0,0,0,0,0,0,0,0,0,0,0,0,3744,1258,0,0,0,0,0,0,0,0,0,0,0,0,0,0,863,594,0,0,0,0,0,0,0,0,0,0,0,0,332,211,0,0,0,0,0,0,0,0,0,0,0,0,198,241,0,0,0,0,0,0,0,0,0,0,0,0,75,49,0,0,0,0,0,0,0,0,0,0,0,0,161,424,0,0,0,0,0,0,0,0,0,0,0,0,0,0,0,0
SM28,0,0,0,0,0,0,0,0,0,0,0,0,19425,19406,0,0,0,0,0,0,0,0,0,0,0,0,0,0,21348,19053,0,0,0,0,0,0,0,0,0,0,0,0,0,0,2409,918,0,0,0,0,0,0,0,0,0,0,0,0,0,0,574,438,0,0,0,0,0,0,0,0,0,0,0,0,371,225,0,0,0,0,0,0,0,0,0,0,0,0,132,181,0,0,0,0,0,0,0,0,0,0,0,0,165,113,0,0,0,0,0,0,0,0,0,0,0,0,87,155,0,0,254,138,0,0,0,0,0,0,0,0,0,0
SM29,0,0,0,0,0,0,0,0,0,0,0,0,19256,19568,0,0,0,0,0,0,0,0,0,0,0,0,0,0,19053,21360,0,0,0,0,0,0,0,0,0,0,0,0,0,0,2440,972,0,0,0,0,0,0,0,0,0,0,0,0,0,0,570,394,0,0,0,0,0,0,0,0,0,0,0,0,356,241,0,0,0,0,0,0,0,0,0,0,0,0,142,173,0,0,0,0,0,0,0,0,0,0,0,0,152,91,0,0,0,0,0,0,0,0,0,0,0,0,127,169,0,0,238,138,0,0,0,0,0,0,0,0,0,0
SM30,0,0,0,0,0,0,0,0,0,0,0,0,0,0,19233,19128,0,0,0,0,0,0,0,0,0,0,0,0,0,0,21665,18498,0,0,0,0,0,0,0,0,0,0,0,0,0,0,2726,1296,0,0,0,0,0,0,0,0,0,0,0,0,0,0,863,369,0,0,0,0,0,0,0,0,0,0,0,0,302,259,0,0,0,0,0,0,0,0,0,0,0,0,283,419,0,0,0,0,0,0,0,0,0,0,0,0,439,276,0,0,0,0,0,0,0,0,0,0,0,0,202,238,0,0,301,163,0,0,0,0,0,0,0,0
SM31,0,0,0,0,0,0,0,0,0,0,0,0,0,0,19123,19243,0,0,0,0,0,0,0,0,0,0,0,0,0,0,18498,21666,0,0,0,0,0,0,0,0,0,0,0,0,0,0,2656,1388,0,0,0,0,0,0,0,0,0,0,0,0,0,0,795,346,0,0,0,0,0,0,0,0,0,0,0,0,271,254,0,0,0,0,0,0,0,0,0,0,0,0,280,425,0,0,0,0,0,0,0,0,0,0,0,0,441,327,0,0,0,0,0,0,0,0,0,0,0,0,245,302,0,0,276,128,0,0,0,0,0,0,0,0
SM32,29,36,0,0,0,0,0,0,0,0,0,0,0,0,0,0,432,525,0,0,0,0,0,0,0,0,0,0,0,0,0,0,21241,21177,0,0,0,0,0,0,0,0,0,0,0,0,0,0,20592,20932,0,0,0,0,0,0,0,0,0,0,0,0,0,0,0,0,0,0,0,0,0,0,0,0,0,0,0,0,0,0,0,0,0,0,0,0,0,0,0,0,0,0,0,0,0,0,0,0,0,0,0,0,0,0,0,0,0,0,0,0,0,0,0,0,0,0,0,0,0,0,0,0,0,0,0,0,0,0,0,0,0,0
SM33,49,49,0,0,0,0,0,0,0,0,0,0,0,0,0,0,449,507,0,0,0,0,0,0,0,0,0,0,0,0,0,0,21177,21240,0,0,0,0,0,0,0,0,0,0,0,0,0,0,20571,20918,0,0,0,0,0,0,0,0,0,0,0,0,0,0,0,0,0,0,0,0,0,0,0,0,0,0,0,0,0,0,0,0,0,0,0,0,0,0,0,0,0,0,0,0,0,0,0,0,0,0,0,0,0,0,0,0,0,0,0,0,0,0,0,0,0,0,0,0,0,0,0,0,0,0,0,0,0,0,0,0,0,0
SM34,0,0,2910,3031,0,0,0,0,0,0,0,0,0,0,0,0,0,0,2175,2175,0,0,0,0,0,0,0,0,0,0,0,0,0,0,22365,16649,0,0,0,0,0,0,0,0,0,0,0,0,0,0,14644,14559,0,0,0,0,0,0,0,0,0,0,0,0,4252,2540,0,0,0,0,0,0,0,0,0,0,0,0,1347,642,0,0,0,0,0,0,0,0,0,0,0,0,934,410,0,0,0,0,0,0,0,0,0,0,0,0,340,487,0,0,0,0,0,0,0,0,0,0,0,0,0,0,0,0,0,0,0,0,0,0,0,0
SM35,0,0,1492,1683,0,0,0,0,0,0,0,0,0,0,0,0,0,0,1582,1640,0,0,0,0,0,0,0,0,0,0,0,0,0,0,16649,22242,0,0,0,0,0,0,0,0,0,0,0,0,0,0,15260,15068,0,0,0,0,0,0,0,0,0,0,0,0,5553,2973,0,0,0,0,0,0,0,0,0,0,0,0,1946,888,0,0,0,0,0,0,0,0,0,0,0,0,694,378,0,0,0,0,0,0,0,0,0,0,0,0,362,558,0,0,0,0,0,0,0,0,0,0,0,0,0,0,0,0,0,0,0,0,0,0,0,0
SM36,0,0,0,0,1892,1851,0,0,0,0,0,0,0,0,0,0,0,0,0,0,1663,1710,0,0,0,0,0,0,0,0,0,0,0,0,0,0,21569,16865,0,0,0,0,0,0,0,0,0,0,0,0,0,0,15080,14846,0,0,0,0,0,0,0,0,0,0,0,0,3940,2247,0,0,0,0,0,0,0,0,0,0,0,0,1575,851,0,0,0,0,0,0,0,0,0,0,0,0,611,448,0,0,0,0,0,0,0,0,0,0,0,0,479,649,0,0,0,0,0,0,0,0,0,0,0,0,0,0,0,0,0,0,0,0,0,0
SM37,0,0,0,0,1110,1102,0,0,0,0,0,0,0,0,0,0,0,0,0,0,1070,1162,0,0,0,0,0,0,0,0,0,0,0,0,0,0,16865,21470,0,0,0,0,0,0,0,0,0,0,0,0,0,0,15633,15448,0,0,0,0,0,0,0,0,0,0,0,0,4534,2523,0,0,0,0,0,0,0,0,0,0,0,0,1685,966,0,0,0,0,0,0,0,0,0,0,0,0,623,473,0,0,0,0,0,0,0,0,0,0,0,0,461,755,0,0,0,0,0,0,0,0,0,0,0,0,0,0,0,0,0,0,0,0,0,0
SM38,0,0,0,0,0,0,2512,2435,0,0,0,0,0,0,0,0,0,0,0,0,0,0,1886,1909,0,0,0,0,0,0,0,0,0,0,0,0,0,0,21006,16176,0,0,0,0,0,0,0,0,0,0,0,0,0,0,14757,14047,0,0,0,0,0,0,0,0,0,0,0,0,3630,1953,0,0,0,0,0,0,0,0,0,0,0,0,1322,590,0,0,0,0,0,0,0,0,0,0,0,0,827,117,0,0,0,0,0,0,0,0,0,0,0,0,322,535,0,0,0,0,0,0,0,0,0,0,0,0,0,0,0,0,0,0,0,0
SM39,0,0,0,0,0,0,1494,1461,0,0,0,0,0,0,0,0,0,0,0,0,0,0,1218,1241,0,0,0,0,0,0,0,0,0,0,0,0,0,0,16176,20824,0,0,0,0,0,0,0,0,0,0,0,0,0,0,14933,14179,0,0,0,0,0,0,0,0,0,0,0,0,4530,2474,0,0,0,0,0,0,0,0,0,0,0,0,1771,1060,0,0,0,0,0,0,0,0,0,0,0,0,588,129,0,0,0,0,0,0,0,0,0,0,0,0,326,892,0,0,0,0,0,0,0,0,0,0,0,0,0,0,0,0,0,0,0,0
SM40,0,0,0,0,0,0,0,0,2545,2783,0,0,0,0,0,0,0,0,0,0,0,0,0,0,3928,3944,0,0,0,0,0,0,0,0,0,0,0,0,0,0,21002,14377,0,0,0,0,0,0,0,0,0,0,0,0,0,0,13904,13775,0,0,0,0,0,0,0,0,0,0,0,0,2293,1724,0,0,0,0,0,0,0,0,0,0,0,0,979,418,0,0,0,0,0,0,0,0,0,0,0,0,1074,185,0,0,0,0,0,0,0,0,0,0,0,0,349,728,0,0,0,0,0,0,0,0,0,0,0,0,0,0,0,0,0,0
SM41,0,0,0,0,0,0,0,0,948,915,0,0,0,0,0,0,0,0,0,0,0,0,0,0,1370,1548,0,0,0,0,0,0,0,0,0,0,0,0,0,0,14377,20807,0,0,0,0,0,0,0,0,0,0,0,0,0,0,14454,14702,0,0,0,0,0,0,0,0,0,0,0,0,2975,2661,0,0,0,0,0,0,0,0,0,0,0,0,1975,1876,0,0,0,0,0,0,0,0,0,0,0,0,905,321,0,0,0,0,0,0,0,0,0,0,0,0,1121,2273,0,0,0,0,0,0,0,0,0,0,0,0,0,0,0,0,0,0
SM42,0,0,0,0,0,0,0,0,0,0,2584,2495,0,0,0,0,0,0,0,0,0,0,0,0,0,0,3612,3744,0,0,0,0,0,0,0,0,0,0,0,0,0,0,20828,14788,0,0,0,0,0,0,0,0,0,0,0,0,0,0,14084,13796,0,0,0,0,0,0,0,0,0,0,0,0,2398,1698,0,0,0,0,0,0,0,0,0,0,0,0,814,393,0,0,0,0,0,0,0,0,0,0,0,0,990,172,0,0,0,0,0,0,0,0,0,0,0,0,292,624,0,0,0,0,0,0,0,0,0,0,0,0,0,0,0,0
SM43,0,0,0,0,0,0,0,0,0,0,1042,994,0,0,0,0,0,0,0,0,0,0,0,0,0,0,1465,1258,0,0,0,0,0,0,0,0,0,0,0,0,0,0,14788,20651,0,0,0,0,0,0,0,0,0,0,0,0,0,0,14306,14448,0,0,0,0,0,0,0,0,0,0,0,0,3365,2998,0,0,0,0,0,0,0,0,0,0,0,0,2068,1788,0,0,0,0,0,0,0,0,0,0,0,0,603,273,0,0,0,0,0,0,0,0,0,0,0,0,863,1694,0,0,0,0,0,0,0,0,0,0,0,0,0,0,0,0
SM44,0,0,0,0,0,0,0,0,0,0,0,0,1353,1567,0,0,0,0,0,0,0,0,0,0,0,0,0,0,2409,2440,0,0,0,0,0,0,0,0,0,0,0,0,0,0,20055,16990,0,0,0,0,0,0,0,0,0,0,0,0,0,0,14798,14645,0,0,0,0,0,0,0,0,0,0,0,0,2453,1529,0,0,0,0,0,0,0,0,0,0,0,0,748,367,0,0,0,0,0,0,0,0,0,0,0,0,152,89,0,0,0,0,0,0,0,0,0,0,0,0,125,242,0,0,251,7,0,0,0,0,0,0,0,0,0,0
SM45,0,0,0,0,0,0,0,0,0,0,0,0,669,711,0,0,0,0,0,0,0,0,0,0,0,0,0,0,918,972,0,0,0,0,0,0,0,0,0,0,0,0,0,0,16990,19956,0,0,0,0,0,0,0,0,0,0,0,0,0,0,15655,15568,0,0,0,0,0,0,0,0,0,0,0,0,3089,2356,0,0,0,0,0,0,0,0,0,0,0,0,1408,712,0,0,0,0,0,0,0,0,0,0,0,0,142,92,0,0,0,0,0,0,0,0,0,0,0,0,164,304,0,0,104,14,0,0,0,0,0,0,0,0,0,0
SM46,0,0,0,0,0,0,0,0,0,0,0,0,0,0,1965,1978,0,0,0,0,0,0,0,0,0,0,0,0,0,0,2726,2656,0,0,0,0,0,0,0,0,0,0,0,0,0,0,20289,15868,0,0,0,0,0,0,0,0,0,0,0,0,0,0,13146,12490,0,0,0,0,0,0,0,0,0,0,0,0,3988,2677,0,0,0,0,0,0,0,0,0,0,0,0,1519,654,0,0,0,0,0,0,0,0,0,0,0,0,291,125,0,0,0,0,0,0,0,0,0,0,0,0,257,448,0,0,73,6,0,0,0,0,0,0,0,0
SM47,0,0,0,0,0,0,0,0,0,0,0,0,0,0,1114,1183,0,0,0,0,0,0,0,0,0,0,0,0,0,0,1296,1388,0,0,0,0,0,0,0,0,0,0,0,0,0,0,15868,20053,0,0,0,0,0,0,0,0,0,0,0,0,0,0,13677,13078,0,0,0,0,0,0,0,0,0,0,0,0,4759,3171,0,0,0,0,0,0,0,0,0,0,0,0,2112,1120,0,0,0,0,0,0,0,0,0,0,0,0,286,149,0,0,0,0,0,0,0,0,0,0,0,0,254,611,0,0,84,9,0,0,0,0,0,0,0,0
SM48,672,671,0,0,0,0,0,0,0,0,0,0,0,0,0,0,607,397,0,0,0,0,0,0,0,0,0,0,0,0,0,0,20592,20571,0,0,0,0,0,0,0,0,0,0,0,0,0,0,21288,20354,0,0,0,0,0,0,0,0,0,0,0,0,0,0,0,0,0,0,0,0,0,0,0,0,0,0,0,0,0,0,0,0,0,0,0,0,0,0,0,0,0,0,0,0,0,0,0,0,0,0,0,0,0,0,0,0,0,0,0,0,0,0,0,0,0,0,0,0,0,0,0,0,0,0,0,0,0,0,0,0,0,0
SM49,302,294,0,0,0,0,0,0,0,0,0,0,0,0,0,0,373,607,0,0,0,0,0,0,0,0,0,0,0,0,0,0,20932,20918,0,0,0,0,0,0,0,0,0,0,0,0,0,0,20354,21260,0,0,0,0,0,0,0,0,0,0,0,0,0,0,0,0,0,0,0,0,0,0,0,0,0,0,0,0,0,0,0,0,0,0,0,0,0,0,0,0,0,0,0,0,0,0,0,0,0,0,0,0,0,0,0,0,0,0,0,0,0,0,0,0,0,0,0,0,0,0,0,0,0,0,0,0,0,0,0,0,0,0
SM50,0,0,1563,1687,0,0,0,0,0,0,0,0,0,0,0,0,0,0,645,744,0,0,0,0,0,0,0,0,0,0,0,0,0,0,14644,15260,0,0,0,0,0,0,0,0,0,0,0,0,0,0,23095,18791,0,0,0,0,0,0,0,0,0,0,0,0,4360,2239,0,0,0,0,0,0,0,0,0,0,0,0,296,223,0,0,0,0,0,0,0,0,0,0,0,0,4497,2952,0,0,0,0,0,0,0,0,0,0,0,0,1140,244,0,0,0,0,0,0,0,0,0,0,0,0,0,0,0,0,0,0,0,0,0,0,0,0
SM51,0,0,866,960,0,0,0,0,0,0,0,0,0,0,0,0,0,0,616,562,0,0,0,0,0,0,0,0,0,0,0,0,0,0,14559,15068,0,0,0,0,0,0,0,0,0,0,0,0,0,0,18791,23043,0,0,0,0,0,0,0,0,0,0,0,0,5098,2756,0,0,0,0,0,0,0,0,0,0,0,0,701,451,0,0,0,0,0,0,0,0,0,0,0,0,4697,2771,0,0,0,0,0,0,0,0,0,0,0,0,975,258,0,0,0,0,0,0,0,0,0,0,0,0,0,0,0,0,0,0,0,0,0,0,0,0
SM52,0,0,0,0,1272,1306,0,0,0,0,0,0,0,0,0,0,0,0,0,0,624,571,0,0,0,0,0,0,0,0,0,0,0,0,0,0,15080,15633,0,0,0,0,0,0,0,0,0,0,0,0,0,0,22617,18713,0,0,0,0,0,0,0,0,0,0,0,0,4114,2066,0,0,0,0,0,0,0,0,0,0,0,0,177,94,0,0,0,0,0,0,0,0,0,0,0,0,4174,2526,0,0,0,0,0,0,0,0,0,0,0,0,1138,363,0,0,0,0,0,0,0,0,0,0,0,0,0,0,0,0,0,0,0,0,0,0
SM53,0,0,0,0,639,635,0,0,0,0,0,0,0,0,0,0,0,0,0,0,463,495,0,0,0,0,0,0,0,0,0,0,0,0,0,0,14846,15448,0,0,0,0,0,0,0,0,0,0,0,0,0,0,18713,22526,0,0,0,0,0,0,0,0,0,0,0,0,4722,2388,0,0,0,0,0,0,0,0,0,0,0,0,547,165,0,0,0,0,0,0,0,0,0,0,0,0,4453,2601,0,0,0,0,0,0,0,0,0,0,0,0,1070,393,0,0,0,0,0,0,0,0,0,0,0,0,0,0,0,0,0,0,0,0,0,0
SM54,0,0,0,0,0,0,1349,1415,0,0,0,0,0,0,0,0,0,0,0,0,0,0,397,357,0,0,0,0,0,0,0,0,0,0,0,0,0,0,14757,14933,0,0,0,0,0,0,0,0,0,0,0,0,0,0,21960,17874,0,0,0,0,0,0,0,0,0,0,0,0,4043,1698,0,0,0,0,0,0,0,0,0,0,0,0,295,177,0,0,0,0,0,0,0,0,0,0,0,0,4464,2457,0,0,0,0,0,0,0,0,0,0,0,0,1337,327,0,0,0,0,0,0,0,0,0,0,0,0,0,0,0,0,0,0,0,0
SM55,0,0,0,0,0,0,838,871,0,0,0,0,0,0,0,0,0,0,0,0,0,0,207,192,0,0,0,0,0,0,0,0,0,0,0,0,0,0,14047,14179,0,0,0,0,0,0,0,0,0,0,0,0,0,0,17874,21889,0,0,0,0,0,0,0,0,0,0,0,0,4973,2450,0,0,0,0,0,0,0,0,0,0,0,0,933,359,0,0,0,0,0,0,0,0,0,0,0,0,4691,2461,0,0,0,0,0,0,0,0,0,0,0,0,1267,325,0,0,0,0,0,0,0,0,0,0,0,0,0,0,0,0,0,0,0,0
SM56,0,0,0,0,0,0,0,0,2206,2028,0,0,0,0,0,0,0,0,0,0,0,0,0,0,794,721,0,0,0,0,0,0,0,0,0,0,0,0,0,0,13904,14454,0,0,0,0,0,0,0,0,0,0,0,0,0,0,21580,16047,0,0,0,0,0,0,0,0,0,0,0,0,4055,2575,0,0,0,0,0,0,0,0,0,0,0,0,1235,847,0,0,0,0,0,0,0,0,0,0,0,0,3512,1164,0,0,0,0,0,0,0,0,0,0,0,0,627,571,0,0,0,0,0,0,0,0,0,0,0,0,0,0,0,0,0,0
SM57,0,0,0,0,0,0,0,0,1515,1372,0,0,0,0,0,0,0,0,0,0,0,0,0,0,473,400,0,0,0,0,0,0,0,0,0,0,0,0,0,0,13775,14702,0,0,0,0,0,0,0,0,0,0,0,0,0,0,16047,21464,0,0,0,0,0,0,0,0,0,0,0,0,4608,3268,0,0,0,0,0,0,0,0,0,0,0,0,1619,1188,0,0,0,0,0,0,0,0,0,0,0,0,3174,982,0,0,0,0,0,0,0,0,0,0,0,0,584,685,0,0,0,0,0,0,0,0,0,0,0,0,0,0,0,0,0,0
SM58,0,0,0,0,0,0,0,0,0,0,1952,1964,0,0,0,0,0,0,0,0,0,0,0,0,0,0,843,863,0,0,0,0,0,0,0,0,0,0,0,0,0,0,14084,14306,0,0,0,0,0,0,0,0,0,0,0,0,0,0,21466,15423,0,0,0,0,0,0,0,0,0,0,0,0,3808,2697,0,0,0,0,0,0,0,0,0,0,0,0,1247,1036,0,0,0,0,0,0,0,0,0,0,0,0,3448,1424,0,0,0,0,0,0,0,0,0,0,0,0,786,517,0,0,0,0,0,0,0,0,0,0,0,0,0,0,0,0
SM59,0,0,0,0,0,0,0,0,0,0,1322,1408,0,0,0,0,0,0,0,0,0,0,0,0,0,0,528,594,0,0,0,0,0,0,0,0,0,0,0,0,0,0,13796,14448,0,0,0,0,0,0,0,0,0,0,0,0,0,0,15423,21333,0,0,0,0,0,0,0,0,0,0,0,0,4357,3241,0,0,0,0,0,0,0,0,0,0,0,0,1744,1211,0,0,0,0,0,0,0,0,0,0,0,0,3263,1314,0,0,0,0,0,0,0,0,0,0,0,0,695,655,0,0,0,0,0,0,0,0,0,0,0,0,0,0,0,0
SM60,0,0,0,0,0,0,0,0,0,0,0,0,680,610,0,0,0,0,0,0,0,0,0,0,0,0,0,0,574,570,0,0,0,0,0,0,0,0,0,0,0,0,0,0,14798,15655,0,0,0,0,0,0,0,0,0,0,0,0,0,0,20536,17242,0,0,0,0,0,0,0,0,0,0,0,0,2491,1594,0,0,0,0,0,0,0,0,0,0,0,0,891,1030,0,0,0,0,0,0,0,0,0,0,0,0,1380,1111,0,0,0,0,0,0,0,0,0,0,0,0,995,567,0,0,897,523,0,0,0,0,0,0,0,0,0,0
SM61,0,0,0,0,0,0,0,0,0,0,0,0,493,466,0,0,0,0,0,0,0,0,0,0,0,0,0,0,438,394,0,0,0,0,0,0,0,0,0,0,0,0,0,0,14645,15568,0,0,0,0,0,0,0,0,0,0,0,0,0,0,17242,20462,0,0,0,0,0,0,0,0,0,0,0,0,2791,1935,0,0,0,0,0,0,0,0,0,0,0,0,1149,1084,0,0,0,0,0,0,0,0,0,0,0,0,1306,1011,0,0,0,0,0,0,0,0,0,0,0,0,906,541,0,0,913,504,0,0,0,0,0,0,0,0,0,0
SM62,0,0,0,0,0,0,0,0,0,0,0,0,0,0,1548,1470,0,0,0,0,0,0,0,0,0,0,0,0,0,0,863,795,0,0,0,0,0,0,0,0,0,0,0,0,0,0,13146,13677,0,0,0,0,0,0,0,0,0,0,0,0,0,0,21764,16248,0,0,0,0,0,0,0,0,0,0,0,0,4150,1935,0,0,0,0,0,0,0,0,0,0,0,0,1290,2297,0,0,0,0,0,0,0,0,0,0,0,0,2978,1943,0,0,0,0,0,0,0,0,0,0,0,0,1281,472,0,0,730,469,0,0,0,0,0,0,0,0
SM63,0,0,0,0,0,0,0,0,0,0,0,0,0,0,961,992,0,0,0,0,0,0,0,0,0,0,0,0,0,0,369,346,0,0,0,0,0,0,0,0,0,0,0,0,0,0,12490,13078,0,0,0,0,0,0,0,0,0,0,0,0,0,0,16248,21670,0,0,0,0,0,0,0,0,0,0,0,0,5576,2852,0,0,0,0,0,0,0,0,0,0,0,0,2098,2522,0,0,0,0,0,0,0,0,0,0,0,0,2810,1790,0,0,0,0,0,0,0,0,0,0,0,0,1185,475,0,0,768,450,0,0,0,0,0,0,0,0
SM64,0,0,439,386,0,0,0,0,0,0,0,0,0,0,0,0,0,0,596,566,0,0,0,0,0,0,0,0,0,0,0,0,0,0,4252,5553,0,0,0,0,0,0,0,0,0,0,0,0,0,0,4360,5098,0,0,0,0,0,0,0,0,0,0,0,0,21804,13940,0,0,0,0,0,0,0,0,0,0,0,0,13432,11836,0,0,0,0,0,0,0,0,0,0,0,0,1874,1145,0,0,0,0,0,0,0,0,0,0,0,0,905,1030,0,0,0,0,0,0,0,0,0,0,0,0,0,0,0,0,0,0,0,0,0,0,0,0
SM65,0,0,309,324,0,0,0,0,0,0,0,0,0,0,0,0,0,0,804,756,0,0,0,0,0,0,0,0,0,0,0,0,0,0,2540,2973,0,0,0,0,0,0,0,0,0,0,0,0,0,0,2239,2756,0,0,0,0,0,0,0,0,0,0,0,0,13940,21461,0,0,0,0,0,0,0,0,0,0,0,0,15921,14537,0,0,0,0,0,0,0,0,0,0,0,0,2270,1332,0,0,0,0,0,0,0,0,0,0,0,0,1179,2503,0,0,0,0,0,0,0,0,0,0,0,0,0,0,0,0,0,0,0,0,0,0,0,0
SM66,0,0,0,0,240,229,0,0,0,0,0,0,0,0,0,0,0,0,0,0,270,314,0,0,0,0,0,0,0,0,0,0,0,0,0,0,3940,4534,0,0,0,0,0,0,0,0,0,0,0,0,0,0,4114,4722,0,0,0,0,0,0,0,0,0,0,0,0,21016,14507,0,0,0,0,0,0,0,0,0,0,0,0,14022,12516,0,0,0,0,0,0,0,0,0,0,0,0,1583,852,0,0,0,0,0,0,0,0,0,0,0,0,523,682,0,0,0,0,0,0,0,0,0,0,0,0,0,0,0,0,0,0,0,0,0,0
SM67,0,0,0,0,195,154,0,0,0,0,0,0,0,0,0,0,0,0,0,0,278,339,0,0,0,0,0,0,0,0,0,0,0,0,0,0,2247,2523,0,0,0,0,0,0,0,0,0,0,0,0,0,0,2066,2388,0,0,0,0,0,0,0,0,0,0,0,0,14507,20720,0,0,0,0,0,0,0,0,0,0,0,0,16686,15215,0,0,0,0,0,0,0,0,0,0,0,0,1857,878,0,0,0,0,0,0,0,0,0,0,0,0,800,2027,0,0,0,0,0,0,0,0,0,0,0,0,0,0,0,0,0,0,0,0,0,0
SM68,0,0,0,0,0,0,371,426,0,0,0,0,0,0,0,0,0,0,0,0,0,0,252,284,0,0,0,0,0,0,0,0,0,0,0,0,0,0,3630,4530,0,0,0,0,0,0,0,0,0,0,0,0,0,0,4043,4973,0,0,0,0,0,0,0,0,0,0,0,0,20638,14485,0,0,0,0,0,0,0,0,0,0,0,0,13779,11864,0,0,0,0,0,0,0,0,0,0,0,0,1630,787,0,0,0,0,0,0,0,0,0,0,0,0,380,480,0,0,0,0,0,0,0,0,0,0,0,0,0,0,0,0,0,0,0,0
SM69,0,0,0,0,0,0,290,284,0,0,0,0,0,0,0,0,0,0,0,0,0,0,490,416,0,0,0,0,0,0,0,0,0,0,0,0,0,0,1953,2474,0,0,0,0,0,0,0,0,0,0,0,0,0,0,1698,2450,0,0,0,0,0,0,0,0,0,0,0,0,14485,20342,0,0,0,0,0,0,0,0,0,0,0,0,16425,14792,0,0,0,0,0,0,0,0,0,0,0,0,1532,579,0,0,0,0,0,0,0,0,0,0,0,0,666,2492,0,0,0,0,0,0,0,0,0,0,0,0,0,0,0,0,0,0,0,0
SM70,0,0,0,0,0,0,0,0,1555,1333,0,0,0,0,0,0,0,0,0,0,0,0,0,0,220,235,0,0,0,0,0,0,0,0,0,0,0,0,0,0,2293,2975,0,0,0,0,0,0,0,0,0,0,0,0,0,0,4055,4608,0,0,0,0,0,0,0,0,0,0,0,0,21052,14513,0,0,0,0,0,0,0,0,0,0,0,0,14455,11762,0,0,0,0,0,0,0,0,0,0,0,0,2241,1320,0,0,0,0,0,0,0,0,0,0,0,0,788,803,0,0,0,0,0,0,0,0,0,0,0,0,0,0,0,0,0,0
SM71,0,0,0,0,0,0,0,0,857,812,0,0,0,0,0,0,0,0,0,0,0,0,0,0,192,205,0,0,0,0,0,0,0,0,0,0,0,0,0,0,1724,2661,0,0,0,0,0,0,0,0,0,0,0,0,0,0,2575,3268,0,0,0,0,0,0,0,0,0,0,0,0,14513,20813,0,0,0,0,0,0,0,0,0,0,0,0,15834,13248,0,0,0,0,0,0,0,0,0,0,0,0,2645,1505,0,0,0,0,0,0,0,0,0,0,0,0,934,1466,0,0,0,0,0,0,0,0,0,0,0,0,0,0,0,0,0,0
SM72,0,0,0,0,0,0,0,0,0,0,1360,1371,0,0,0,0,0,0,0,0,0,0,0,0,0,0,317,332,0,0,0,0,0,0,0,0,0,0,0,0,0,0,2398,3365,0,0,0,0,0,0,0,0,0,0,0,0,0,0,3808,4357,0,0,0,0,0,0,0,0,0,0,0,0,20843,13942,0,0,0,0,0,0,0,0,0,0,0,0,14098,11611,0,0,0,0,0,0,0,0,0,0,0,0,2495,1402,0,0,0,0,0,0,0,0,0,0,0,0,868,805,0,0,0,0,0,0,0,0,0,0,0,0,0,0,0,0
SM73,0,0,0,0,0,0,0,0,0,0,842,959,0,0,0,0,0,0,0,0,0,0,0,0,0,0,223,211,0,0,0,0,0,0,0,0,0,0,0,0,0,0,1698,2998,0,0,0,0,0,0,0,0,0,0,0,0,0,0,2697,3241,0,0,0,0,0,0,0,0,0,0,0,0,13942,20629,0,0,0,0,0,0,0,0,0,0,0,0,15307,13151,0,0,0,0,0,0,0,0,0,0,0,0,2494,1301,0,0,0,0,0,0,0,0,0,0,0,0,1036,1787,0,0,0,0,0,0,0,0,0,0,0,0,0,0,0,0
SM74,0,0,0,0,0,0,0,0,0,0,0,0,886,815,0,0,0,0,0,0,0,0,0,0,0,0,0,0,371,356,0,0,0,0,0,0,0,0,0,0,0,0,0,0,2453,3089,0,0,0,0,0,0,0,0,0,0,0,0,0,0,2491,2791,0,0,0,0,0,0,0,0,0,0,0,0,20331,14341,0,0,0,0,0,0,0,0,0,0,0,0,13793,12880,0,0,0,0,0,0,0,0,0,0,0,0,2122,1571,0,0,0,0,0,0,0,0,0,0,0,0,1246,1038,0,0,527,223,0,0,0,0,0,0,0,0,0,0
SM75,0,0,0,0,0,0,0,0,0,0,0,0,633,528,0,0,0,0,0,0,0,0,0,0,0,0,0,0,225,241,0,0,0,0,0,0,0,0,0,0,0,0,0,0,1529,2356,0,0,0,0,0,0,0,0,0,0,0,0,0,0,1594,1935,0,0,0,0,0,0,0,0,0,0,0,0,14341,20172,0,0,0,0,0,0,0,0,0,0,0,0,15720,14293,0,0,0,0,0,0,0,0,0,0,0,0,1944,1508,0,0,0,0,0,0,0,0,0,0,0,0,1017,2018,0,0,477,157,0,0,0,0,0,0,0,0,0,0
SM76,0,0,0,0,0,0,0,0,0,0,0,0,0,0,421,392,0,0,0,0,0,0,0,0,0,0,0,0,0,0,302,271,0,0,0,0,0,0,0,0,0,0,0,0,0,0,3988,4759,0,0,0,0,0,0,0,0,0,0,0,0,0,0,4150,5576,0,0,0,0,0,0,0,0,0,0,0,0,20615,13680,0,0,0,0,0,0,0,0,0,0,0,0,12582,11294,0,0,0,0,0,0,0,0,0,0,0,0,1455,978,0,0,0,0,0,0,0,0,0,0,0,0,557,654,0,0,536,250,0,0,0,0,0,0,0,0
SM77,0,0,0,0,0,0,0,0,0,0,0,0,0,0,241,266,0,0,0,0,0,0,0,0,0,0,0,0,0,0,259,254,0,0,0,0,0,0,0,0,0,0,0,0,0,0,2677,3171,0,0,0,0,0,0,0,0,0,0,0,0,0,0,1935,2852,0,0,0,0,0,0,0,0,0,0,0,0,13680,20326,0,0,0,0,0,0,0,0,0,0,0,0,15466,13474,0,0,0,0,0,0,0,0,0,0,0,0,1398,1135,0,0,0,0,0,0,0,0,0,0,0,0,944,2660,0,0,430,136,0,0,0,0,0,0,0,0
SM78,0,0,389,326,0,0,0,0,0,0,0,0,0,0,0,0,0,0,821,766,0,0,0,0,0,0,0,0,0,0,0,0,0,0,1347,1946,0,0,0,0,0,0,0,0,0,0,0,0,0,0,296,701,0,0,0,0,0,0,0,0,0,0,0,0,13432,15921,0,0,0,0,0,0,0,0,0,0,0,0,21095,15751,0,0,0,0,0,0,0,0,0,0,0,0,2478,1963,0,0,0,0,0,0,0,0,0,0,0,0,2767,4381,0,0,0,0,0,0,0,0,0,0,0,0,0,0,0,0,0,0,0,0,0,0,0,0
SM79,0,0,461,300,0,0,0,0,0,0,0,0,0,0,0,0,0,0,825,803,0,0,0,0,0,0,0,0,0,0,0,0,0,0,642,888,0,0,0,0,0,0,0,0,0,0,0,0,0,0,223,451,0,0,0,0,0,0,0,0,0,0,0,0,11836,14537,0,0,0,0,0,0,0,0,0,0,0,0,15751,20865,0,0,0,0,0,0,0,0,0,0,0,0,2460,3139,0,0,0,0,0,0,0,0,0,0,0,0,4376,5903,0,0,0,0,0,0,0,0,0,0,0,0,0,0,0,0,0,0,0,0,0,0,0,0
SM80,0,0,0,0,136,150,0,0,0,0,0,0,0,0,0,0,0,0,0,0,235,235,0,0,0,0,0,0,0,0,0,0,0,0,0,0,1575,1685,0,0,0,0,0,0,0,0,0,0,0,0,0,0,177,547,0,0,0,0,0,0,0,0,0,0,0,0,14022,16686,0,0,0,0,0,0,0,0,0,0,0,0,20292,16958,0,0,0,0,0,0,0,0,0,0,0,0,1697,1216,0,0,0,0,0,0,0,0,0,0,0,0,2332,3225,0,0,0,0,0,0,0,0,0,0,0,0,0,0,0,0,0,0,0,0,0,0
SM81,0,0,0,0,173,205,0,0,0,0,0,0,0,0,0,0,0,0,0,0,275,268,0,0,0,0,0,0,0,0,0,0,0,0,0,0,851,966,0,0,0,0,0,0,0,0,0,0,0,0,0,0,94,165,0,0,0,0,0,0,0,0,0,0,0,0,12516,15215,0,0,0,0,0,0,0,0,0,0,0,0,16958,20178,0,0,0,0,0,0,0,0,0,0,0,0,1573,2239,0,0,0,0,0,0,0,0,0,0,0,0,3966,5070,0,0,0,0,0,0,0,0,0,0,0,0,0,0,0,0,0,0,0,0,0,0
SM82,0,0,0,0,0,0,272,243,0,0,0,0,0,0,0,0,0,0,0,0,0,0,526,480,0,0,0,0,0,0,0,0,0,0,0,0,0,0,1322,1771,0,0,0,0,0,0,0,0,0,0,0,0,0,0,295,933,0,0,0,0,0,0,0,0,0,0,0,0,13779,16425,0,0,0,0,0,0,0,0,0,0,0,0,20256,15423,0,0,0,0,0,0,0,0,0,0,0,0,2101,1560,0,0,0,0,0,0,0,0,0,0,0,0,2183,3455,0,0,0,0,0,0,0,0,0,0,0,0,0,0,0,0,0,0,0,0
SM83,0,0,0,0,0,0,337,356,0,0,0,0,0,0,0,0,0,0,0,0,0,0,622,626,0,0,0,0,0,0,0,0,0,0,0,0,0,0,590,1060,0,0,0,0,0,0,0,0,0,0,0,0,0,0,177,359,0,0,0,0,0,0,0,0,0,0,0,0,11864,14792,0,0,0,0,0,0,0,0,0,0,0,0,15423,20120,0,0,0,0,0,0,0,0,0,0,0,0,1478,2849,0,0,0,0,0,0,0,0,0,0,0,0,4033,5794,0,0,0,0,0,0,0,0,0,0,0,0,0,0,0,0,0,0,0,0
SM84,0,0,0,0,0,0,0,0,579,446,0,0,0,0,0,0,0,0,0,0,0,0,0,0,246,231,0,0,0,0,0,0,0,0,0,0,0,0,0,0,979,1975,0,0,0,0,0,0,0,0,0,0,0,0,0,0,1235,1619,0,0,0,0,0,0,0,0,0,0,0,0,14455,15834,0,0,0,0,0,0,0,0,0,0,0,0,20676,13645,0,0,0,0,0,0,0,0,0,0,0,0,2984,2310,0,0,0,0,0,0,0,0,0,0,0,0,2454,3036,0,0,0,0,0,0,0,0,0,0,0,0,0,0,0,0,0,0
SM85,0,0,0,0,0,0,0,0,317,329,0,0,0,0,0,0,0,0,0,0,0,0,0,0,280,300,0,0,0,0,0,0,0,0,0,0,0,0,0,0,418,1876,0,0,0,0,0,0,0,0,0,0,0,0,0,0,847,1188,0,0,0,0,0,0,0,0,0,0,0,0,11762,13248,0,0,0,0,0,0,0,0,0,0,0,0,13645,20421,0,0,0,0,0,0,0,0,0,0,0,0,2709,4037,0,0,0,0,0,0,0,0,0,0,0,0,4954,5353,0,0,0,0,0,0,0,0,0,0,0,0,0,0,0,0,0,0
SM86,0,0,0,0,0,0,0,0,0,0,514,572,0,0,0,0,0,0,0,0,0,0,0,0,0,0,234,198,0,0,0,0,0,0,0,0,0,0,0,0,0,0,814,2068,0,0,0,0,0,0,0,0,0,0,0,0,0,0,1247,1744,0,0,0,0,0,0,0,0,0,0,0,0,14098,15307,0,0,0,0,0,0,0,0,0,0,0,0,20535,13403,0,0,0,0,0,0,0,0,0,0,0,0,2971,2350,0,0,0,0,0,0,0,0,0,0,0,0,2682,3403,0,0,0,0,0,0,0,0,0,0,0,0,0,0,0,0
SM87,0,0,0,0,0,0,0,0,0,0,339,372,0,0,0,0,0,0,0,0,0,0,0,0,0,0,261,241,0,0,0,0,0,0,0,0,0,0,0,0,0,0,393,1788,0,0,0,0,0,0,0,0,0,0,0,0,0,0,1036,1211,0,0,0,0,0,0,0,0,0,0,0,0,11611,13151,0,0,0,0,0,0,0,0,0,0,0,0,13403,20302,0,0,0,0,0,0,0,0,0,0,0,0,2425,3919,0,0,0,0,0,0,0,0,0,0,0,0,5032,5724,0,0,0,0,0,0,0,0,0,0,0,0,0,0,0,0
SM88,0,0,0,0,0,0,0,0,0,0,0,0,459,396,0,0,0,0,0,0,0,0,0,0,0,0,0,0,132,142,0,0,0,0,0,0,0,0,0,0,0,0,0,0,748,1408,0,0,0,0,0,0,0,0,0,0,0,0,0,0,891,1149,0,0,0,0,0,0,0,0,0,0,0,0,13793,15720,0,0,0,0,0,0,0,0,0,0,0,0,19481,15745,0,0,0,0,0,0,0,0,0,0,0,0,2126,1982,0,0,0,0,0,0,0,0,0,0,0,0,1099,2399,0,0,191,63,0,0,0,0,0,0,0,0,0,0
SM89,0,0,0,0,0,0,0,0,0,0,0,0,536,451,0,0,0,0,0,0,0,0,0,0,0,0,0,0,181,173,0,0,0,0,0,0,0,0,0,0,0,0,0,0,367,712,0,0,0,0,0,0,0,0,0,0,0,0,0,0,1030,1084,0,0,0,0,0,0,0,0,0,0,0,0,12880,14293,0,0,0,0,0,0,0,0,0,0,0,0,15745,19124,0,0,0,0,0,0,0,0,0,0,0,0,2804,2611,0,0,0,0,0,0,0,0,0,0,0,0,1714,2547,0,0,175,69,0,0,0,0,0,0,0,0,0,0
SM90,0,0,0,0,0,0,0,0,0,0,0,0,0,0,228,281,0,0,0,0,0,0,0,0,0,0,0,0,0,0,283,280,0,0,0,0,0,0,0,0,0,0,0,0,0,0,1519,2112,0,0,0,0,0,0,0,0,0,0,0,0,0,0,1290,2098,0,0,0,0,0,0,0,0,0,0,0,0,12582,15466,0,0,0,0,0,0,0,0,0,0,0,0,19482,14753,0,0,0,0,0,0,0,0,0,0,0,0,1772,1583,0,0,0,0,0,0,0,0,0,0,0,0,987,2729,0,0,379,104,0,0,0,0,0,0,0,0
SM91,0,0,0,0,0,0,0,0,0,0,0,0,0,0,495,486,0,0,0,0,0,0,0,0,0,0,0,0,0,0,419,425,0,0,0,0,0,0,0,0,0,0,0,0,0,0,654,1120,0,0,0,0,0,0,0,0,0,0,0,0,0,0,2297,2522,0,0,0,0,0,0,0,0,0,0,0,0,11294,13474,0,0,0,0,0,0,0,0,0,0,0,0,14753,18886,0,0,0,0,0,0,0,0,0,0,0,0,2685,1947,0,0,0,0,0,0,0,0,0,0,0,0,1071,2530,0,0,243,243,0,0,0,0,0,0,0,0
SM92,0,0,181,219,0,0,0,0,0,0,0,0,0,0,0,0,0,0,83,69,0,0,0,0,0,0,0,0,0,0,0,0,0,0,934,694,0,0,0,0,0,0,0,0,0,0,0,0,0,0,4497,4697,0,0,0,0,0,0,0,0,0,0,0,0,1874,2270,0,0,0,0,0,0,0,0,0,0,0,0,2478,2460,0,0,0,0,0,0,0,0,0,0,0,0,22876,19462,0,0,0,0,0,0,0,0,0,0,0,0,15854,12856,0,0,0,0,0,0,0,0,0,0,0,0,0,0,0,0,0,0,0,0,0,0,0,0
SM93,0,0,125,158,0,0,0,0,0,0,0,0,0,0,0,0,0,0,191,179,0,0,0,0,0,0,0,0,0,0,0,0,0,0,410,378,0,0,0,0,0,0,0,0,0,0,0,0,0,0,2952,2771,0,0,0,0,0,0,0,0,0,0,0,0,1145,1332,0,0,0,0,0,0,0,0,0,0,0,0,1963,3139,0,0,0,0,0,0,0,0,0,0,0,0,19462,22410,0,0,0,0,0,0,0,0,0,0,0,0,18000,15025,0,0,0,0,0,0,0,0,0,0,0,0,0,0,0,0,0,0,0,0,0,0,0,0
SM94,0,0,0,0,282,328,0,0,0,0,0,0,0,0,0,0,0,0,0,0,106,111,0,0,0,0,0,0,0,0,0,0,0,0,0,0,611,623,0,0,0,0,0,0,0,0,0,0,0,0,0,0,4174,4453,0,0,0,0,0,0,0,0,0,0,0,0,1583,1857,0,0,0,0,0,0,0,0,0,0,0,0,1697,1573,0,0,0,0,0,0,0,0,0,0,0,0,22084,18581,0,0,0,0,0,0,0,0,0,0,0,0,16175,14098,0,0,0,0,0,0,0,0,0,0,0,0,0,0,0,0,0,0,0,0,0,0
SM95,0,0,0,0,192,221,0,0,0,0,0,0,0,0,0,0,0,0,0,0,272,278,0,0,0,0,0,0,0,0,0,0,0,0,0,0,448,473,0,0,0,0,0,0,0,0,0,0,0,0,0,0,2526,2601,0,0,0,0,0,0,0,0,0,0,0,0,852,878,0,0,0,0,0,0,0,0,0,0,0,0,1216,2239,0,0,0,0,0,0,0,0,0,0,0,0,18581,21678,0,0,0,0,0,0,0,0,0,0,0,0,18114,16143,0,0,0,0,0,0,0,0,0,0,0,0,0,0,0,0,0,0,0,0,0,0
SM96,0,0,0,0,0,0,228,195,0,0,0,0,0,0,0,0,0,0,0,0,0,0,76,86,0,0,0,0,0,0,0,0,0,0,0,0,0,0,827,588,0,0,0,0,0,0,0,0,0,0,0,0,0,0,4464,4691,0,0,0,0,0,0,0,0,0,0,0,0,1630,1532,0,0,0,0,0,0,0,0,0,0,0,0,2101,1478,0,0,0,0,0,0,0,0,0,0,0,0,21889,18685,0,0,0,0,0,0,0,0,0,0,0,0,16153,12933,0,0,0,0,0,0,0,0,0,0,0,0,0,0,0,0,0,0,0,0
SM97,0,0,0,0,0,0,132,110,0,0,0,0,0,0,0,0,0,0,0,0,0,0,197,211,0,0,0,0,0,0,0,0,0,0,0,0,0,0,117,129,0,0,0,0,0,0,0,0,0,0,0,0,0,0,2457,2461,0,0,0,0,0,0,0,0,0,0,0,0,787,579,0,0,0,0,0,0,0,0,0,0,0,0,1560,2849,0,0,0,0,0,0,0,0,0,0,0,0,18685,21455,0,0,0,0,0,0,0,0,0,0,0,0,18656,15435,0,0,0,0,0,0,0,0,0,0,0,0,0,0,0,0,0,0,0,0
SM98,0,0,0,0,0,0,0,0,174,172,0,0,0,0,0,0,0,0,0,0,0,0,0,0,61,46,0,0,0,0,0,0,0,0,0,0,0,0,0,0,1074,905,0,0,0,0,0,0,0,0,0,0,0,0,0,0,3512,3174,0,0,0,0,0,0,0,0,0,0,0,0,2241,2645,0,0,0,0,0,0,0,0,0,0,0,0,2984,2709,0,0,0,0,0,0,0,0,0,0,0,0,21453,17438,0,0,0,0,0,0,0,0,0,0,0,0,14795,12429,0,0,0,0,0,0,0,0,0,0,0,0,0,0,0,0,0,0
SM99,0,0,0,0,0,0,0,0,91,82,0,0,0,0,0,0,0,0,0,0,0,0,0,0,67,51,0,0,0,0,0,0,0,0,0,0,0,0,0,0,185,321,0,0,0,0,0,0,0,0,0,0,0,0,0,0,1164,982,0,0,0,0,0,0,0,0,0,0,0,0,1320,1505,0,0,0,0,0,0,0,0,0,0,0,0,2310,4037,0,0,0,0,0,0,0,0,0,0,0,0,17438,21094,0,0,0,0,0,0,0,0,0,0,0,0,18106,15623,0,0,0,0,0,0,0,0,0,0,0,0,0,0,0,0,0,0
SM100,0,0,0,0,0,0,0,0,0,0,240,282,0,0,0,0,0,0,0,0,0,0,0,0,0,0,59,75,0,0,0,0,0,0,0,0,0,0,0,0,0,0,990,603,0,0,0,0,0,0,0,0,0,0,0,0,0,0,3448,3263,0,0,0,0,0,0,0,0,0,0,0,0,2495,2494,0,0,0,0,0,0,0,0,0,0,0,0,2971,2425,0,0,0,0,0,0,0,0,0,0,0,0,21319,17497,0,0,0,0,0,0,0,0,0,0,0,0,14712,12403,0,0,0,0,0,0,0,0,0,0,0,0,0,0,0,0
SM101,0,0,0,0,0,0,0,0,0,0,110,108,0,0,0,0,0,0,0,0,0,0,0,0,0,0,50,49,0,0,0,0,0,0,0,0,0,0,0,0,0,0,172,273,0,0,0,0,0,0,0,0,0,0,0,0,0,0,1424,1314,0,0,0,0,0,0,0,0,0,0,0,0,1402,1301,0,0,0,0,0,0,0,0,0,0,0,0,2350,3919,0,0,0,0,0,0,0,0,0,0,0,0,17497,20995,0,0,0,0,0,0,0,0,0,0,0,0,17650,15366,0,0,0,0,0,0,0,0,0,0,0,0,0,0,0,0
SM102,0,0,0,0,0,0,0,0,0,0,0,0,514,461,0,0,0,0,0,0,0,0,0,0,0,0,0,0,165,152,0,0,0,0,0,0,0,0,0,0,0,0,0,0,152,142,0,0,0,0,0,0,0,0,0,0,0,0,0,0,1380,1306,0,0,0,0,0,0,0,0,0,0,0,0,2122,1944,0,0,0,0,0,0,0,0,0,0,0,0,2126,2804,0,0,0,0,0,0,0,0,0,0,0,0,20630,17505,0,0,0,0,0,0,0,0,0,0,0,0,15796,13085,0,0,1618,618,0,0,0,0,0,0,0,0,0,0
SM103,0,0,0,0,0,0,0,0,0,0,0,0,324,264,0,0,0,0,0,0,0,0,0,0,0,0,0,0,113,91,0,0,0,0,0,0,0,0,0,0,0,0,0,0,89,92,0,0,0,0,0,0,0,0,0,0,0,0,0,0,1111,1011,0,0,0,0,0,0,0,0,0,0,0,0,1571,1508,0,0,0,0,0,0,0,0,0,0,0,0,1982,2611,0,0,0,0,0,0,0,0,0,0,0,0,17505,20347,0,0,0,0,0,0,0,0,0,0,0,0,16458,13728,0,0,2004,579,0,0,0,0,0,0,0,0,0,0
SM104,0,0,0,0,0,0,0,0,0,0,0,0,0,0,870,897,0,0,0,0,0,0,0,0,0,0,0,0,0,0,439,441,0,0,0,0,0,0,0,0,0,0,0,0,0,0,291,286,0,0,0,0,0,0,0,0,0,0,0,0,0,0,2978,2810,0,0,0,0,0,0,0,0,0,0,0,0,1455,1398,0,0,0,0,0,0,0,0,0,0,0,0,1772,2685,0,0,0,0,0,0,0,0,0,0,0,0,21805,18318,0,0,0,0,0,0,0,0,0,0,0,0,15900,12299,0,0,1713,863,0,0,0,0,0,0,0,0
SM105,0,0,0,0,0,0,0,0,0,0,0,0,0,0,497,485,0,0,0,0,0,0,0,0,0,0,0,0,0,0,276,327,0,0,0,0,0,0,0,0,0,0,0,0,0,0,125,149,0,0,0,0,0,0,0,0,0,0,0,0,0,0,1943,1790,0,0,0,0,0,0,0,0,0,0,0,0,978,1135,0,0,0,0,0,0,0,0,0,0,0,0,1583,1947,0,0,0,0,0,0,0,0,0,0,0,0,18318,21327,0,0,0,0,0,0,0,0,0,0,0,0,17580,13582,0,0,2671,595,0,0,0,0,0,0,0,0
SM106,0,0,201,146,0,0,0,0,0,0,0,0,0,0,0,0,0,0,423,427,0,0,0,0,0,0,0,0,0,0,0,0,0,0,340,362,0,0,0,0,0,0,0,0,0,0,0,0,0,0,1140,975,0,0,0,0,0,0,0,0,0,0,0,0,905,1179,0,0,0,0,0,0,0,0,0,0,0,0,2767,4376,0,0,0,0,0,0,0,0,0,0,0,0,15854,18000,0,0,0,0,0,0,0,0,0,0,0,0,21586,17663,0,0,0,0,0,0,0,0,0,0,0,0,0,0,0,0,0,0,0,0,0,0,0,0
SM107,0,0,432,389,0,0,0,0,0,0,0,0,0,0,0,0,0,0,738,734,0,0,0,0,0,0,0,0,0,0,0,0,0,0,487,558,0,0,0,0,0,0,0,0,0,0,0,0,0,0,244,258,0,0,0,0,0,0,0,0,0,0,0,0,1030,2503,0,0,0,0,0,0,0,0,0,0,0,0,4381,5903,0,0,0,0,0,0,0,0,0,0,0,0,12856,15025,0,0,0,0,0,0,0,0,0,0,0,0,17663,21067,0,0,0,0,0,0,0,0,0,0,0,0,0,0,0,0,0,0,0,0,0,0,0,0
SM108,0,0,0,0,169,160,0,0,0,0,0,0,0,0,0,0,0,0,0,0,406,357,0,0,0,0,0,0,0,0,0,0,0,0,0,0,479,461,0,0,0,0,0,0,0,0,0,0,0,0,0,0,1138,1070,0,0,0,0,0,0,0,0,0,0,0,0,523,800,0,0,0,0,0,0,0,0,0,0,0,0,2332,3966,0,0,0,0,0,0,0,0,0,0,0,0,16175,18114,0,0,0,0,0,0,0,0,0,0,0,0,21097,17141,0,0,0,0,0,0,0,0,0,0,0,0,0,0,0,0,0,0,0,0,0,0
SM109,0,0,0,0,259,269,0,0,0,0,0,0,0,0,0,0,0,0,0,0,546,510,0,0,0,0,0,0,0,0,0,0,0,0,0,0,649,755,0,0,0,0,0,0,0,0,0,0,0,0,0,0,363,393,0,0,0,0,0,0,0,0,0,0,0,0,682,2027,0,0,0,0,0,0,0,0,0,0,0,0,3225,5070,0,0,0,0,0,0,0,0,0,0,0,0,14098,16143,0,0,0,0,0,0,0,0,0,0,0,0,17141,20710,0,0,0,0,0,0,0,0,0,0,0,0,0,0,0,0,0,0,0,0,0,0
SM110,0,0,0,0,0,0,123,139,0,0,0,0,0,0,0,0,0,0,0,0,0,0,361,377,0,0,0,0,0,0,0,0,0,0,0,0,0,0,322,326,0,0,0,0,0,0,0,0,0,0,0,0,0,0,1337,1267,0,0,0,0,0,0,0,0,0,0,0,0,380,666,0,0,0,0,0,0,0,0,0,0,0,0,2183,4033,0,0,0,0,0,0,0,0,0,0,0,0,16153,18656,0,0,0,0,0,0,0,0,0,0,0,0,21062,16863,0,0,0,0,0,0,0,0,0,0,0,0,0,0,0,0,0,0,0,0
SM111,0,0,0,0,0,0,320,345,0,0,0,0,0,0,0,0,0,0,0,0,0,0,653,675,0,0,0,0,0,0,0,0,0,0,0,0,0,0,535,892,0,0,0,0,0,0,0,0,0,0,0,0,0,0,327,325,0,0,0,0,0,0,0,0,0,0,0,0,480,2492,0,0,0,0,0,0,0,0,0,0,0,0,3455,5794,0,0,0,0,0,0,0,0,0,0,0,0,12933,15435,0,0,0,0,0,0,0,0,0,0,0,0,16863,20508,0,0,0,0,0,0,0,0,0,0,0,0,0,0,0,0,0,0,0,0
SM112,0,0,0,0,0,0,0,0,38,36,0,0,0,0,0,0,0,0,0,0,0,0,0,0,212,196,0,0,0,0,0,0,0,0,0,0,0,0,0,0,349,1121,0,0,0,0,0,0,0,0,0,0,0,0,0,0,627,584,0,0,0,0,0,0,0,0,0,0,0,0,788,934,0,0,0,0,0,0,0,0,0,0,0,0,2454,4954,0,0,0,0,0,0,0,0,0,0,0,0,14795,18106,0,0,0,0,0,0,0,0,0,0,0,0,20809,17233,0,0,0,0,0,0,0,0,0,0,0,0,0,0,0,0,0,0
SM113,0,0,0,0,0,0,0,0,130,161,0,0,0,0,0,0,0,0,0,0,0,0,0,0,506,497,0,0,0,0,0,0,0,0,0,0,0,0,0,0,728,2273,0,0,0,0,0,0,0,0,0,0,0,0,0,0,571,685,0,0,0,0,0,0,0,0,0,0,0,0,803,1466,0,0,0,0,0,0,0,0,0,0,0,0,3036,5353,0,0,0,0,0,0,0,0,0,0,0,0,12429,15623,0,0,0,0,0,0,0,0,0,0,0,0,17233,20498,0,0,0,0,0,0,0,0,0,0,0,0,0,0,0,0,0,0
SM114,0,0,0,0,0,0,0,0,0,0,22,30,0,0,0,0,0,0,0,0,0,0,0,0,0,0,196,161,0,0,0,0,0,0,0,0,0,0,0,0,0,0,292,863,0,0,0,0,0,0,0,0,0,0,0,0,0,0,786,695,0,0,0,0,0,0,0,0,0,0,0,0,868,1036,0,0,0,0,0,0,0,0,0,0,0,0,2682,5032,0,0,0,0,0,0,0,0,0,0,0,0,14712,17650,0,0,0,0,0,0,0,0,0,0,0,0,20658,16949,0,0,0,0,0,0,0,0,0,0,0,0,0,0,0,0
SM115,0,0,0,0,0,0,0,0,0,0,172,124,0,0,0,0,0,0,0,0,0,0,0,0,0,0,454,424,0,0,0,0,0,0,0,0,0,0,0,0,0,0,624,1694,0,0,0,0,0,0,0,0,0,0,0,0,0,0,517,655,0,0,0,0,0,0,0,0,0,0,0,0,805,1787,0,0,0,0,0,0,0,0,0,0,0,0,3403,5724,0,0,0,0,0,0,0,0,0,0,0,0,12403,15366,0,0,0,0,0,0,0,0,0,0,0,0,16949,20367,0,0,0,0,0,0,0,0,0,0,0,0,0,0,0,0
SM116,0,0,0,0,0,0,0,0,0,0,0,0,196,208,0,0,0,0,0,0,0,0,0,0,0,0,0,0,87,127,0,0,0,0,0,0,0,0,0,0,0,0,0,0,125,164,0,0,0,0,0,0,0,0,0,0,0,0,0,0,995,906,0,0,0,0,0,0,0,0,0,0,0,0,1246,1017,0,0,0,0,0,0,0,0,0,0,0,0,1099,1714,0,0,0,0,0,0,0,0,0,0,0,0,15796,16458,0,0,0,0,0,0,0,0,0,0,0,0,19140,13990,0,0,2183,1109,0,0,0,0,0,0,0,0,0,0
SM117,0,0,0,0,0,0,0,0,0,0,0,0,270,266,0,0,0,0,0,0,0,0,0,0,0,0,0,0,155,169,0,0,0,0,0,0,0,0,0,0,0,0,0,0,242,304,0,0,0,0,0,0,0,0,0,0,0,0,0,0,567,541,0,0,0,0,0,0,0,0,0,0,0,0,1038,2018,0,0,0,0,0,0,0,0,0,0,0,0,2399,2547,0,0,0,0,0,0,0,0,0,0,0,0,13085,13728,0,0,0,0,0,0,0,0,0,0,0,0,13990,18190,0,0,2121,1130,0,0,0,0,0,0,0,0,0,0
SM118,0,0,0,0,0,0,0,0,0,0,0,0,0,0,386,343,0,0,0,0,0,0,0,0,0,0,0,0,0,0,202,245,0,0,0,0,0,0,0,0,0,0,0,0,0,0,257,254,0,0,0,0,0,0,0,0,0,0,0,0,0,0,1281,1185,0,0,0,0,0,0,0,0,0,0,0,0,557,944,0,0,0,0,0,0,0,0,0,0,0,0,987,1071,0,0,0,0,0,0,0,0,0,0,0,0,15900,17580,0,0,0,0,0,0,0,0,0,0,0,0,20291,14735,0,0,3308,1638,0,0,0,0,0,0,0,0
SM119,0,0,0,0,0,0,0,0,0,0,0,0,0,0,262,232,0,0,0,0,0,0,0,0,0,0,0,0,0,0,238,302,0,0,0,0,0,0,0,0,0,0,0,0,0,0,448,611,0,0,0,0,0,0,0,0,0,0,0,0,0,0,472,475,0,0,0,0,0,0,0,0,0,0,0,0,654,2660,0,0,0,0,0,0,0,0,0,0,0,0,2729,2530,0,0,0,0,0,0,0,0,0,0,0,0,12299,13582,0,0,0,0,0,0,0,0,0,0,0,0,14735,19091,0,0,3342,1702,0,0,0,0,0,0,0,0
SM120,0,0,0,0,0,0,0,0,0,0,0,0,417,408,0,0,0,0,0,0,0,0,0,0,0,0,0,0,254,238,0,0,0,0,0,0,0,0,0,0,0,0,0,0,251,104,0,0,0,0,0,0,0,0,0,0,0,0,0,0,897,913,0,0,0,0,0,0,0,0,0,0,0,0,527,477,0,0,0,0,0,0,0,0,0,0,0,0,191,175,0,0,0,0,0,0,0,0,0,0,0,0,1618,2004,0,0,0,0,0,0,0,0,0,0,0,0,2183,2121,0,0,5022,2288,0,0,0,0,0,0,0,0,0,0
SM121,0,0,0,0,0,0,0,0,0,0,0,0,232,200,0,0,0,0,0,0,0,0,0,0,0,0,0,0,138,138,0,0,0,0,0,0,0,0,0,0,0,0,0,0,7,14,0,0,0,0,0,0,0,0,0,0,0,0,0,0,523,504,0,0,0,0,0,0,0,0,0,0,0,0,223,157,0,0,0,0,0,0,0,0,0,0,0,0,63,69,0,0,0,0,0,0,0,0,0,0,0,0,618,579,0,0,0,0,0,0,0,0,0,0,0,0,1109,1130,0,0,2288,2664,0,0,0,0,0,0,0,0,0,0
SM122,0,0,0,0,0,0,0,0,0,0,0,0,0,0,578,542,0,0,0,0,0,0,0,0,0,0,0,0,0,0,301,276,0,0,0,0,0,0,0,0,0,0,0,0,0,0,73,84,0,0,0,0,0,0,0,0,0,0,0,0,0,0,730,768,0,0,0,0,0,0,0,0,0,0,0,0,536,430,0,0,0,0,0,0,0,0,0,0,0,0,379,243,0,0,0,0,0,0,0,0,0,0,0,0,1713,2671,0,0,0,0,0,0,0,0,0,0,0,0,3308,3342,0,0,6263,2815,0,0,0,0,0,0,0,0
SM123,0,0,0,0,0,0,0,0,0,0,0,0,0,0,230,207,0,0,0,0,0,0,0,0,0,0,0,0,0,0,163,128,0,0,0,0,0,0,0,0,0,0,0,0,0,0,6,9,0,0,0,0,0,0,0,0,0,0,0,0,0,0,469,450,0,0,0,0,0,0,0,0,0,0,0,0,250,136,0,0,0,0,0,0,0,0,0,0,0,0,104,243,0,0,0,0,0,0,0,0,0,0,0,0,863,595,0,0,0,0,0,0,0,0,0,0,0,0,1638,1702,0,0,2815,3336,0,0,0,0,0,0,0,0
SM124,0,0,0,0,0,0,0,0,0,0,0,0,0,0,0,0,0,0,0,0,0,0,0,0,0,0,0,0,0,0,0,0,0,0,0,0,0,0,0,0,0,0,0,0,0,0,0,0,0,0,0,0,0,0,0,0,0,0,0,0,0,0,0,0,0,0,0,0,0,0,0,0,0,0,0,0,0,0,0,0,0,0,0,0,0,0,0,0,0,0,0,0,0,0,0,0,0,0,0,0,0,0,0,0,0,0,0,0,0,0,0,0,0,0,0,0,0,0,0,0,0,0,0,0,0,0,0,0,0,0,0,0
SM125,0,0,0,0,0,0,0,0,0,0,0,0,0,0,0,0,0,0,0,0,0,0,0,0,0,0,0,0,0,0,0,0,0,0,0,0,0,0,0,0,0,0,0,0,0,0,0,0,0,0,0,0,0,0,0,0,0,0,0,0,0,0,0,0,0,0,0,0,0,0,0,0,0,0,0,0,0,0,0,0,0,0,0,0,0,0,0,0,0,0,0,0,0,0,0,0,0,0,0,0,0,0,0,0,0,0,0,0,0,0,0,0,0,0,0,0,0,0,0,0,0,0,0,0,0,0,0,0,0,0,0,0
SM126,0,0,0,0,0,0,0,0,0,0,0,0,0,0,0,0,0,0,0,0,0,0,0,0,0,0,0,0,0,0,0,0,0,0,0,0,0,0,0,0,0,0,0,0,0,0,0,0,0,0,0,0,0,0,0,0,0,0,0,0,0,0,0,0,0,0,0,0,0,0,0,0,0,0,0,0,0,0,0,0,0,0,0,0,0,0,0,0,0,0,0,0,0,0,0,0,0,0,0,0,0,0,0,0,0,0,0,0,0,0,0,0,0,0,0,0,0,0,0,0,0,0,0,0,0,0,0,0,0,0,0,0
SM127,0,0,0,0,0,0,0,0,0,0,0,0,0,0,0,0,0,0,0,0,0,0,0,0,0,0,0,0,0,0,0,0,0,0,0,0,0,0,0,0,0,0,0,0,0,0,0,0,0,0,0,0,0,0,0,0,0,0,0,0,0,0,0,0,0,0,0,0,0,0,0,0,0,0,0,0,0,0,0,0,0,0,0,0,0,0,0,0,0,0,0,0,0,0,0,0,0,0,0,0,0,0,0,0,0,0,0,0,0,0,0,0,0,0,0,0,0,0,0,0,0,0,0,0,0,0,0,0,0,0,0,0
SM128,0,0,0,0,0,0,0,0,0,0,0,0,0,0,0,0,0,0,0,0,0,0,0,0,0,0,0,0,0,0,0,0,0,0,0,0,0,0,0,0,0,0,0,0,0,0,0,0,0,0,0,0,0,0,0,0,0,0,0,0,0,0,0,0,0,0,0,0,0,0,0,0,0,0,0,0,0,0,0,0,0,0,0,0,0,0,0,0,0,0,0,0,0,0,0,0,0,0,0,0,0,0,0,0,0,0,0,0,0,0,0,0,0,0,0,0,0,0,0,0,0,0,0,0,0,0,0,0,0,0,0,0
SM129,0,0,0,0,0,0,0,0,0,0,0,0,0,0,0,0,0,0,0,0,0,0,0,0,0,0,0,0,0,0,0,0,0,0,0,0,0,0,0,0,0,0,0,0,0,0,0,0,0,0,0,0,0,0,0,0,0,0,0,0,0,0,0,0,0,0,0,0,0,0,0,0,0,0,0,0,0,0,0,0,0,0,0,0,0,0,0,0,0,0,0,0,0,0,0,0,0,0,0,0,0,0,0,0,0,0,0,0,0,0,0,0,0,0,0,0,0,0,0,0,0,0,0,0,0,0,0,0,0,0,0,0
SM130,0,0,0,0,0,0,0,0,0,0,0,0,0,0,0,0,0,0,0,0,0,0,0,0,0,0,0,0,0,0,0,0,0,0,0,0,0,0,0,0,0,0,0,0,0,0,0,0,0,0,0,0,0,0,0,0,0,0,0,0,0,0,0,0,0,0,0,0,0,0,0,0,0,0,0,0,0,0,0,0,0,0,0,0,0,0,0,0,0,0,0,0,0,0,0,0,0,0,0,0,0,0,0,0,0,0,0,0,0,0,0,0,0,0,0,0,0,0,0,0,0,0,0,0,0,0,0,0,0,0,0,0
SM131,0,0,0,0,0,0,0,0,0,0,0,0,0,0,0,0,0,0,0,0,0,0,0,0,0,0,0,0,0,0,0,0,0,0,0,0,0,0,0,0,0,0,0,0,0,0,0,0,0,0,0,0,0,0,0,0,0,0,0,0,0,0,0,0,0,0,0,0,0,0,0,0,0,0,0,0,0,0,0,0,0,0,0,0,0,0,0,0,0,0,0,0,0,0,0,0,0,0,0,0,0,0,0,0,0,0,0,0,0,0,0,0,0,0,0,0,0,0,0,0,0,0,0,0,0,0,0,0,0,0,0,0
